{
    "scaled_effort": 61.961760932269556,
    "scaled_dtau": 84.6907864326732,
    "nSaturations": 0,
    "avg_q_RMSE": 71.48774463022175,
    "avg_v_RMSE": 380.37823565920047,
    "ds_sol": 0.14169892272879633,
    "ds_d": 0.1414213562373095,
    "dtheta_sol": 3.3889844250954736e-05,
    "dtheta": 0.0,
    "obj_xytheta_init": [
        -0.1,
        -0.75,
        0.0
    ],
    "target_xyz": [
        -0.2,
        -0.85,
        0.05
    ],
    "obj_xytheta_final": [
        -0.3355086190501309,
        -0.8302849643572724,
        -0.29937138204296604
    ],
    "solve_time": 9.064253091812134,
    "horizon": 2.8769414300434266,
    "is_success": true,
    "lag": "premature",
    "m_eff": 4.063960628539247,
    "v_ee_impact": 0.8218425036047674
}