{
    "scaled_effort": 59.83753967512787,
    "scaled_dtau": 77.0404442394341,
    "nSaturations": 16,
    "avg_q_RMSE": 79.42609768506472,
    "avg_v_RMSE": 260.7407278483497,
    "ds_sol": 0.2500003669448853,
    "ds_d": 0.25,
    "dtheta_sol": -0.9999996931525561,
    "dtheta": -1.0,
    "obj_xytheta_init": [
        0.0,
        -0.75,
        0.0
    ],
    "target_xyz": [
        -0.2,
        -0.9,
        0.05
    ],
    "obj_xytheta_final": [
        -0.11272501395159329,
        -0.8521328549368589,
        -0.6154419551999077
    ],
    "solve_time": 13.26947832107544,
    "horizon": 2.877677446783893,
    "is_success": true,
    "lag": "premature",
    "m_eff_n": 1.9156880035489683,
    "m_eff_ang": 1.7773693340028356,
    "v_ee_impact": 0.5569402599749304
}