{
    "scaled_effort": 41.03512649641332,
    "scaled_dtau": 11.08867862042769,
    "nSaturations": 0,
    "avg_q_RMSE": 121.74207704611162,
    "avg_v_RMSE": 230.40491090046098,
    "ds_sol": 0.40038960105424415,
    "ds_d": 0.4,
    "dtheta_sol": -0.0003144534206834605,
    "dtheta": 0.0,
    "obj_xytheta_init": [
        0.1,
        -0.75,
        0.0
    ],
    "target_xyz": [
        0.5,
        -0.75,
        0.05
    ],
    "obj_xytheta_final": [
        0.48359601592909873,
        -0.6923373645048488,
        -0.21493422489657338
    ],
    "solve_time": 21.715280294418335,
    "horizon": 3.424673795274994,
    "is_success": false,
    "lag": -0.010010332215044881,
    "m_eff": 2.9862701557354834,
    "v_ee_impact": 1.3833077030489436
}