{
    "scaled_effort": 74.92803383857893,
    "scaled_dtau": 95.80927215966179,
    "nSaturations": 0,
    "avg_q_RMSE": 93.41395149621842,
    "avg_v_RMSE": 310.09734913686145,
    "ds_sol": 0.3047148929384416,
    "ds_d": 0.3,
    "dtheta_sol": -1.0001196701641515,
    "dtheta": -1.0,
    "obj_xytheta_init": [
        0.0,
        -0.75,
        0.0
    ],
    "target_xyz": [
        -0.3,
        -0.75,
        0.05
    ],
    "obj_xytheta_final": [
        -0.15653433025677485,
        -0.756216433671876,
        -0.26462684837098027
    ],
    "solve_time": 4.7439353466033936,
    "horizon": 3.391422382979072,
    "is_success": true,
    "lag": "premature",
    "m_eff_n": 2.5747627525974717,
    "m_eff_ang": 2.3747309151753293,
    "v_ee_impact": 0.4710276510049553
}