{
    "scaled_effort": 59.73912018377164,
    "scaled_dtau": 93.40624373342848,
    "nSaturations": 0,
    "avg_q_RMSE": 103.07051539503856,
    "avg_v_RMSE": 248.96493323833351,
    "ds_sol": 0.2565424916550138,
    "ds_d": 0.25,
    "dtheta_sol": -0.9707914379377932,
    "dtheta": -1.0,
    "obj_xytheta_init": [
        0.0,
        -0.75,
        0.0
    ],
    "target_xyz": [
        0.2,
        -0.6,
        0.05
    ],
    "obj_xytheta_final": [
        0.04536008572638993,
        -0.6871862105549684,
        0.4250417492970293
    ],
    "solve_time": 3.7040188312530518,
    "horizon": 3.38467571605777,
    "is_success": false,
    "lag": 0.03800286434765554,
    "m_eff_n": 1.9768265685646405,
    "m_eff_ang": 2.1567980828443107,
    "v_ee_impact": 0.5585382981616255
}