{
    "scaled_effort": 37.12087298066699,
    "scaled_dtau": 10.288196102694476,
    "nSaturations": 0,
    "avg_q_RMSE": 118.10628606691456,
    "avg_v_RMSE": 223.536766265903,
    "ds_sol": 0.40024693637971687,
    "ds_d": 0.4,
    "dtheta_sol": 0.0006068079826122672,
    "dtheta": 0.0,
    "obj_xytheta_init": [
        0.1,
        -0.75,
        0.0
    ],
    "target_xyz": [
        0.5,
        -0.75,
        0.05
    ],
    "obj_xytheta_final": [
        0.2883110858963552,
        -0.6689978018012841,
        1.0766903883274384
    ],
    "solve_time": 3.6483070850372314,
    "horizon": 3.3397878059845283,
    "is_success": true,
    "lag": -0.0041517022536683434,
    "m_eff": 2.398227210671138,
    "v_ee_impact": 1.4118050293717561
}