{
    "scaled_effort": 63.825683173796726,
    "scaled_dtau": 95.49237317800717,
    "nSaturations": 0,
    "avg_q_RMSE": 100.62161231385703,
    "avg_v_RMSE": 291.7625528069408,
    "ds_sol": 0.30064584444047227,
    "ds_d": 0.3,
    "dtheta_sol": -0.9966446393798424,
    "dtheta": -1.0,
    "obj_xytheta_init": [
        0.0,
        -0.75,
        0.0
    ],
    "target_xyz": [
        -0.3,
        -0.75,
        0.05
    ],
    "obj_xytheta_final": [
        -0.15484971582206614,
        -0.7465964426095478,
        -0.52785735805169
    ],
    "solve_time": 6.342641830444336,
    "horizon": 3.388005288495057,
    "is_success": true,
    "lag": "premature",
    "m_eff_n": 2.60384055301629,
    "m_eff_ang": 2.5852270684799405,
    "v_ee_impact": 0.4662134457782417
}