{
    "scaled_effort": 54.60645442893221,
    "scaled_dtau": 80.45192336425696,
    "nSaturations": 3,
    "avg_q_RMSE": 105.64334240933154,
    "avg_v_RMSE": 337.14015225521405,
    "ds_sol": 0.40009816477435417,
    "ds_d": 0.4,
    "dtheta_sol": 0.00012031748420016975,
    "dtheta": 0.0,
    "obj_xytheta_init": [
        0.1,
        -0.75,
        0.0
    ],
    "target_xyz": [
        0.5,
        -0.75,
        0.05
    ],
    "obj_xytheta_final": [
        0.425198992033467,
        -0.6390539887149449,
        0.5773002809713936
    ],
    "solve_time": 7.58354115486145,
    "horizon": 2.8068109552098477,
    "is_success": true,
    "lag": -0.0028353526759019587,
    "m_eff": 2.1639184897303902,
    "v_ee_impact": 1.4486327698949137
}