{
    "scaled_effort": 33.50336314551123,
    "scaled_dtau": 4.25928835909603,
    "nSaturations": 0,
    "avg_q_RMSE": 106.58114418670979,
    "avg_v_RMSE": 275.02986887856446,
    "ds_sol": 0.4018888411448235,
    "ds_d": 0.4,
    "dtheta_sol": 0.001281369866508659,
    "dtheta": 0.0,
    "obj_xytheta_init": [
        0.1,
        -0.75,
        0.0
    ],
    "target_xyz": [
        0.5,
        -0.75,
        0.05
    ],
    "obj_xytheta_final": [
        0.45872915381812973,
        -0.7118357056883319,
        -0.43268912421711747
    ],
    "solve_time": 25.13874578475952,
    "horizon": 3.480415549274232,
    "is_success": false,
    "lag": -0.010772468601758733,
    "m_eff_n": 2.86853010264231,
    "m_eff_ang": 2.040352744393023,
    "v_ee_impact": 1.3778412719208362
}