Commanded Joint 0 Position,Commanded Joint 1 Position,Commanded Joint 2 Position,Commanded Joint 3 Position,Commanded Joint 4 Position,Commanded Joint 5 Position,Commanded Joint 6 Position,Commanded Joint 0 Velocity,Commanded Joint 1 Velocity,Commanded Joint 2 Velocity,Commanded Joint 3 Velocity,Commanded Joint 4 Velocity,Commanded Joint 5 Velocity,Commanded Joint 6 Velocity,Commanded Joint 0 Acceleration,Commanded Joint 1 Acceleration,Commanded Joint 2 Acceleration,Commanded Joint 3 Acceleration,Commanded Joint 4 Acceleration,Commanded Joint 5 Acceleration,Commanded Joint 6 Acceleration,Commanded Joint 0 Torque,Commanded Joint 1 Torque,Commanded Joint 2 Torque,Commanded Joint 3 Torque,Commanded Joint 4 Torque,Commanded Joint 5 Torque,Commanded Joint 6 Torque,Actual Joint 0 Position,Actual Joint 1 Position,Actual Joint 2 Position,Actual Joint 3 Position,Actual Joint 4 Position,Actual Joint 5 Position,Actual Joint 6 Position,Actual Joint 0 Velocity,Actual Joint 1 Velocity,Actual Joint 2 Velocity,Actual Joint 3 Velocity,Actual Joint 4 Velocity,Actual Joint 5 Velocity,Actual Joint 6 Velocity,Actual Joint 0 Acceleration,Actual Joint 1 Acceleration,Actual Joint 2 Acceleration,Actual Joint 3 Acceleration,Actual Joint 4 Acceleration,Actual Joint 5 Acceleration,Actual Joint 6 Acceleration,Actual Joint 0 Torque,Actual Joint 1 Torque,Actual Joint 2 Torque,Actual Joint 3 Torque,Actual Joint 4 Torque,Actual Joint 5 Torque,Actual Joint 6 Torque,
0.0332355,-0.0945554,0.0240412,-1.87455,-0.0300437,0.301659,-0.0610412,0.000121804,0.0191651,0.000261449,-0.0341991,-0.00458613,0.0514041,-0.000333329,0.0761274,11.9782,0.163406,-21.3745,-2.86633,32.1276,-0.208331,0.0550372,21.6567,0.208184,-24.6167,-0.486247,1.68463,-0.0232237,0.0332607,-0.0952245,0.024057,-1.87161,-0.0297236,0.29604,-0.0609911,-0.000200734,-0.00351197,0.000623189,0.000712802,0.00458293,-6.58532e-05,0.000672203,0,0,0,0,0,0,0,0.106693,-32.249,-0.0625476,27.4509,0.281674,3.48351,-0.0767973,
0.0332676,-0.0952675,0.0240634,-1.87159,-0.0296741,0.296062,-0.0609905,0.000150712,0.0150796,0.000259356,-0.0271945,-0.00339667,0.0413814,-0.000265597,0.0180676,-2.5534,-0.00130786,4.37789,0.743412,-6.26419,0.0423326,0.0491965,22.0974,0.197727,-24.533,-0.486384,1.43376,-0.0217134,0.0332607,-0.0952245,0.024057,-1.87161,-0.0297236,0.29604,-0.0609911,-0.000200734,-0.00351197,0.000623189,0.000712802,0.00458293,-6.58532e-05,0.000672203,0,0,0,0,0,0,0,0.106693,-32.249,-0.0625476,27.4509,0.281674,3.48351,-0.0767973,
0.0332695,-0.0952749,0.0240651,-1.87158,-0.0296662,0.296073,-0.0609905,0.000166814,0.0118782,0.000251475,-0.0216184,-0.00252045,0.033391,-0.000212323,0.010064,-2.00091,-0.00492574,3.48507,0.547641,-4.99401,0.0332962,0.0419389,22.669,0.185933,-24.4249,-0.485775,1.08623,-0.0197472,0.0332607,-0.0952245,0.024057,-1.87161,-0.0297236,0.29604,-0.0609911,-0.000200734,-0.00351197,0.000623189,0.000712802,0.00458293,-6.58532e-05,0.000672203,0,0,0,0,0,0,0,0.106693,-32.249,-0.0625476,27.4509,0.281674,3.48351,-0.0767973,
0.033271,-0.0952803,0.0240666,-1.87158,-0.0296603,0.296085,-0.0609905,0.000172735,0.00936694,0.000238641,-0.0171808,-0.00187045,0.027003,-0.00017018,0.00370048,-1.56951,-0.00802107,2.77349,0.406247,-3.99246,0.0263392,0.0359901,23.1948,0.176376,-24.2567,-0.483665,0.701681,-0.0177527,0.0332522,-0.0951579,0.0240527,-1.87168,-0.0297206,0.296037,-0.0609956,-0.00162509,0.00339928,-0.00191272,0.00170614,0.0112601,9.66818e-05,-0.000879065,-0.178044,0.863906,-0.316988,0.124167,0.834642,0.0203169,-0.193909,0.182071,-32.249,0.0128308,27.3517,0.294491,3.50365,-0.0365141,
0.0331172,-0.0951308,0.0239322,-1.87159,-0.027097,0.294889,-0.061021,-0.0016328,0.00767529,-0.00148354,-0.0126433,0.0380599,0.00388429,-0.000362888,-1.12846,-1.05728,-1.07636,2.83594,24.9565,-14.4492,-0.120442,0.471852,0.184005,0.465352,-0.26139,3.1685,-1.6687,-0.0013448,0.0332522,-0.0951579,0.0240527,-1.87168,-0.0297206,0.296037,-0.0609956,-0.00162509,0.00339928,-0.00191272,0.00170614,0.0112601,9.66818e-05,-0.000879065,0,0,0,0,0,0,0,0.182071,-32.249,0.0128308,27.3517,0.294491,3.50365,-0.0365141,
0.0330541,-0.0951317,0.0238694,-1.87156,-0.0252055,0.294005,-0.0610257,-0.00288541,0.00611542,-0.00275763,-0.00926879,0.0777361,-0.0189993,-0.00040815,-0.782885,-0.974919,-0.796305,2.10908,24.7976,-14.3022,-0.0282885,0.467227,0.182378,0.460724,-0.258702,3.1406,-1.65352,-0.0013257,0.0332522,-0.0951579,0.0240527,-1.87168,-0.0297206,0.296037,-0.0609956,-0.00162509,0.00339928,-0.00191272,0.00170614,0.0112601,9.66818e-05,-0.000879065,0,0,0,0,0,0,0,0.182071,-32.249,0.0128308,27.3517,0.294491,3.50365,-0.0365141,
0.033004,-0.0951366,0.023818,-1.87153,-0.0231367,0.293004,-0.0610281,-0.00356038,0.00477048,-0.00348982,-0.00682753,0.113909,-0.0402092,-0.000386759,-0.421857,-0.840588,-0.457619,1.52579,22.6079,-13.2562,0.0133691,0.462633,0.180821,0.456135,-0.255978,3.11277,-1.63836,-0.00130962,0.0332522,-0.0951579,0.0240527,-1.87168,-0.0297206,0.296037,-0.0609956,-0.00162509,0.00339928,-0.00191272,0.00170614,0.0112601,9.66818e-05,-0.000879065,0,0,0,0,0,0,0,0.182071,-32.249,0.0128308,27.3517,0.294491,3.50365,-0.0365141,
0.0329681,-0.0951424,0.0237803,-1.87152,-0.020967,0.291928,-0.0610294,-0.00374565,0.00367236,-0.00373591,-0.00509864,0.14537,-0.0590881,-0.000340466,-0.115793,-0.686326,-0.15381,1.08056,19.6635,-11.7993,0.0289329,0.45758,0.212001,0.449954,-0.243542,3.08562,-1.61646,-0.00134327,0.0332398,-0.0944582,0.0240498,-1.87243,-0.0296992,0.297218,-0.0609965,-0.00163267,0.0850653,-0.0087295,-0.0826614,0.00915284,0.142491,0.000358695,-0.000947815,10.2083,-0.852098,-10.5459,-0.263404,17.7992,0.15472,0.285221,-19.9941,0.211195,14.3231,-0.0415075,2.37664,-0.0703886,
0.0328722,-0.0933614,0.0237319,-1.87243,-0.0209842,0.291346,-0.0610933,-0.00771567,0.014582,-0.00732546,-0.00304566,0.249827,-0.142258,-0.00120011,-2.48126,6.81852,-2.24347,1.28311,65.2851,-51.9809,-0.537276,3.41337,1.879,3.39616,-1.80015,11.1152,-9.08354,-0.00942017,0.0332398,-0.0944582,0.0240498,-1.87243,-0.0296992,0.297218,-0.0609965,-0.00163267,0.0850653,-0.0087295,-0.0826614,0.00915284,0.142491,0.000358695,0,0,0,0,0,0,0,0.285221,-19.9941,0.211195,14.3231,-0.0415075,2.37664,-0.0703886,
0.0327167,-0.0930254,0.0235809,-1.87241,-0.0144679,0.286501,-0.061115,-0.0100584,0.0200668,-0.00963477,-0.00190016,0.362767,-0.234922,-0.00150291,-1.46422,3.42801,-1.44332,0.715937,70.5876,-57.9151,-0.189251,3.29946,1.88524,3.30279,-1.76615,11.1152,-8.96133,-0.00881259,0.0332398,-0.0944582,0.0240498,-1.87243,-0.0296992,0.297218,-0.0609965,-0.00163267,0.0850653,-0.0087295,-0.0826614,0.00915284,0.142491,0.000358695,0,0,0,0,0,0,0,0.285221,-19.9941,0.211195,14.3231,-0.0415075,2.37664,-0.0703886,
0.0326097,-0.0927729,0.0234733,-1.87242,-0.00723782,0.281,-0.0611284,-0.0107223,0.0223662,-0.010398,-0.00189268,0.470966,-0.325469,-0.00153732,-0.414939,1.43711,-0.477044,0.00467944,67.6249,-56.5922,-0.0215061,3.18828,1.87527,3.20043,-1.74025,11.1152,-8.83874,-0.008903,0.0332398,-0.0944582,0.0240498,-1.87243,-0.0296992,0.297218,-0.0609965,-0.00163267,0.0850653,-0.0087295,-0.0826614,0.00915284,0.142491,0.000358695,0,0,0,0,0,0,0,0.285221,-19.9941,0.211195,14.3231,-0.0415075,2.37664,-0.0703886,
0.0325528,-0.0925699,0.0234138,-1.87247,0.000436775,0.275088,-0.0611376,-0.0100013,0.0229679,-0.00980701,-0.00273277,0.568638,-0.408167,-0.00145853,0.450644,0.376065,0.369397,-0.525058,61.0448,-51.6859,0.0492441,3.07556,1.983,3.08695,-1.73862,11.1025,-8.70664,-0.00946023,0.0332214,-0.0914505,0.024072,-1.87871,-0.0272355,0.301398,-0.0609933,-0.00677515,0.0247771,-0.00453556,-0.152678,0.242118,-0.104459,0.00129512,-0.64281,-7.53603,0.524243,-8.7521,29.1207,-30.8687,0.117053,0.590702,-30.551,0.139784,33.5526,1.61377,3.74901,-0.0905302,
0.0342167,-0.0907188,0.0251293,-1.87941,-0.018753,0.28948,-0.0609056,0.008122,0.0272721,0.00931483,-0.00935858,0.577129,-0.502944,-0.000298317,11.3271,2.69014,11.9512,-4.14113,5.30665,-59.2356,0.725132,25.7805,5.08618,26.5771,-11.5098,11.1025,-14.5054,0.0576634,0.0332214,-0.0914505,0.024072,-1.87871,-0.0272355,0.301398,-0.0609933,-0.00677515,0.0247771,-0.00453556,-0.152678,0.242118,-0.104459,0.00129512,0,0,0,0,0,0,0,0.590702,-30.551,0.139784,33.5526,1.61377,3.74901,-0.0905302,
0.0350947,-0.0904038,0.0260547,-1.87972,-0.012901,0.281055,-0.0608781,0.0284465,0.0296932,0.0305855,-0.0151148,0.608004,-0.612959,0.000448049,12.7028,1.51321,13.2942,-3.59765,19.2973,-68.7593,0.466479,24.6092,5.64651,25.5443,-10.0419,11.1025,-14.5054,0.0344696,0.0332214,-0.0914505,0.024072,-1.87871,-0.0272355,0.301398,-0.0609933,-0.00677515,0.0247771,-0.00453556,-0.152678,0.242118,-0.104459,0.00129512,0,0,0,0,0,0,0,0.590702,-30.551,0.139784,33.5526,1.61377,3.74901,-0.0905302,
0.0361559,-0.0901526,0.0271629,-1.8801,-0.00633726,0.271739,-0.060825,0.0492879,0.0300339,0.052175,-0.0215694,0.650496,-0.723273,0.00168678,13.0259,0.212937,13.4934,-4.0341,26.5575,-68.9464,0.774205,23.7774,5.12614,24.6927,-8.91719,11.1025,-14.5054,0.0256416,0.0332214,-0.0914505,0.024072,-1.87871,-0.0272355,0.301398,-0.0609933,-0.00677515,0.0247771,-0.00453556,-0.152678,0.242118,-0.104459,0.00129512,0,0,0,0,0,0,0,0.590702,-30.551,0.139784,33.5526,1.61377,3.74901,-0.0905302,
0.034588,-0.0876218,0.0255356,-1.88113,0.00428582,0.27303,-0.0608319,0.0650893,0.0345606,0.06786,-0.0404011,0.697985,-0.782914,0.00241233,9.87587,2.82913,9.80314,-11.7698,29.6805,-37.2755,0.453473,33.2126,5.88773,34.1932,-19.7825,10.9243,-14.5319,0.0903894,0.0329769,-0.0886073,0.023929,-1.87949,-0.0103122,0.288129,-0.0610095,-0.0153713,0.132793,-0.025376,0.00523932,1.10626,-0.703578,0.000543681,-1.07452,13.502,-2.60506,19.7397,108.018,-74.8898,-0.0939299,4.41913,-37.8389,3.91267,23.8129,4.2276,-1.5821,0.00376909,
0.0358973,-0.0872541,0.0268905,-1.88215,0.0114388,0.263946,-0.0608241,0.0848045,0.0368413,0.0881595,-0.0578997,0.737213,-0.853428,0.00212318,12.322,1.42546,12.6872,-10.9367,24.5174,-44.0717,-0.180719,30.4256,6.46045,31.4206,-18.5193,10.9243,-14.5319,0.000215865,0.0329769,-0.0886073,0.023929,-1.87949,-0.0103122,0.288129,-0.0610095,-0.0153713,0.132793,-0.025376,0.00523932,1.10626,-0.703578,0.000543681,0,0,0,0,0,0,0,4.41913,-37.8389,3.91267,23.8129,4.2276,-1.5821,0.00376909,
0.0373879,-0.086944,0.0284405,-1.88328,0.0188203,0.254248,-0.0608057,0.10511,0.0372239,0.109277,-0.074466,0.774307,-0.925187,0.00215973,12.691,0.239126,13.1987,-10.3539,23.1838,-44.8493,0.0228429,28.5417,6.01447,29.5785,-17.6771,10.9243,-14.5319,-0.0195405,0.0329769,-0.0886073,0.023929,-1.87949,-0.0103122,0.288129,-0.0610095,-0.0153713,0.132793,-0.025376,0.00523932,1.10626,-0.703578,0.000543681,0,0,0,0,0,0,0,4.41913,-37.8389,3.91267,23.8129,4.2276,-1.5821,0.00376909,
0.0389837,-0.0867061,0.0300953,-1.88452,0.0264966,0.244139,-0.0607986,0.123981,0.0357268,0.128792,-0.0905157,0.811354,-0.992868,0.00190578,11.7944,-0.935711,12.1968,-10.0311,23.154,-42.3007,-0.158718,26.96,4.51595,27.9774,-17.5726,10.9243,-14.5319,0.00876872,0.0329769,-0.0886073,0.023929,-1.87949,-0.0103122,0.288129,-0.0610095,-0.0153713,0.132793,-0.025376,0.00523932,1.10626,-0.703578,0.000543681,0,0,0,0,0,0,0,4.41913,-37.8389,3.91267,23.8129,4.2276,-1.5821,0.00376909,
0.0346594,-0.0880656,0.0256453,-1.88209,0.00421003,0.273699,-0.060959,0.126078,0.0329502,0.130607,-0.108963,0.825637,-0.990392,0.000937158,1.31089,-1.73535,1.13407,-11.5294,8.92743,1.54756,-0.605391,35.0467,3.7745,36.4726,-27.5936,10.8515,-14.2191,0.0110853,0.0336759,-0.0851817,0.0254388,-1.87974,0.0225941,0.252218,-0.0610041,0.116627,0.0525434,0.176682,-0.0378905,1.01875,-1.42399,-0.000257311,16.4997,-10.0312,25.2572,-5.39123,-10.9388,-90.0517,-0.100124,20.4946,-29.5274,20.7617,13.3273,3.06121,-3.64387,-0.0026396,
0.0360244,-0.0879732,0.0270516,-1.88371,0.0113454,0.26489,-0.0610094,0.134988,0.0286699,0.139643,-0.127571,0.838894,-1.01254,-0.000510394,5.56852,-2.67521,5.64745,-11.6305,8.28523,-13.8402,-0.90472,31.7107,4.05104,32.8451,-26.319,10.8515,-14.2191,-0.0811274,0.0336759,-0.0851817,0.0254388,-1.87974,0.0225941,0.252218,-0.0610041,0.116627,0.0525434,0.176682,-0.0378905,1.01875,-1.42399,-0.000257311,0,0,0,0,0,0,0,20.4946,-29.5274,20.7617,13.3273,3.06121,-3.64387,-0.0026396,
0.037556,-0.0879397,0.0286344,-1.88544,0.0187531,0.255402,-0.0610875,0.14628,0.0237728,0.151284,-0.145433,0.856308,-1.04722,-0.00236072,7.05718,-3.0607,7.27577,-11.1633,10.8838,-21.6755,-1.15645,29.2854,3.12282,30.2703,-25.7853,10.8515,-14.2191,-0.0884332,0.0336759,-0.0851817,0.0254388,-1.87974,0.0225941,0.252218,-0.0610041,0.116627,0.0525434,0.176682,-0.0378905,1.01875,-1.42399,-0.000257311,0,0,0,0,0,0,0,20.4946,-29.5274,20.7617,13.3273,3.06121,-3.64387,-0.0026396,
0.0391725,-0.0879332,0.0303064,-1.88725,0.0264829,0.245421,-0.0612066,0.157436,0.0191804,0.162828,-0.161428,0.878291,-1.08732,-0.00486717,6.97296,-2.8702,7.21495,-9.9969,13.7395,-25.0653,-1.56653,26.8975,1.88249,27.7894,-25.6981,10.8515,-14.2191,-0.108799,0.0336759,-0.0851817,0.0254388,-1.87974,0.0225941,0.252218,-0.0610041,0.116627,0.0525434,0.176682,-0.0378905,1.01875,-1.42399,-0.000257311,0,0,0,0,0,0,0,20.4946,-29.5274,20.7617,13.3273,3.06121,-3.64387,-0.0026396,
0.0368668,-0.0851696,0.0287341,-1.88287,0.0382322,0.231425,-0.0610948,0.168382,0.0149411,0.174022,-0.171991,0.897874,-1.1294,-0.00526733,6.84106,-2.64959,6.99598,-6.60227,12.2394,-26.2974,-0.2501,31.7107,4.05104,32.8451,-26.319,10.8515,-14.2191,-0.0811274,0.0336759,-0.0851817,0.0254388,-1.87974,0.0225941,0.252218,-0.0610041,0.116627,0.0525434,0.176682,-0.0378905,1.01875,-1.42399,-0.000257311,0,0,0,0,0,0,0,20.4946,-29.5274,20.7617,13.3273,3.06121,-3.64387,-0.0026396,
0.0386635,-0.0851894,0.0305907,-1.88471,0.0461912,0.220924,-0.0611757,0.179624,0.0114599,0.185633,-0.183549,0.917274,-1.16603,-0.00623563,7.02637,-2.17576,7.25727,-7.22373,12.1252,-22.8942,-0.60519,29.3858,3.45489,30.396,-25.7903,10.7903,-13.8739,-0.0890104,0.0407039,-0.0832463,0.0325491,-1.88555,0.0574094,0.201249,-0.0609973,0.225308,0.0732858,0.190352,-0.219425,1.12265,-1.65424,-0.0010358,13.5852,2.5928,1.70876,-22.6919,12.9875,-28.7811,-0.0973108,20.6493,-28.5555,20.734,25.257,3.45214,-1.15089,-0.0227812,
0.0404922,-0.0851979,0.0324818,-1.8866,0.0543567,0.210283,-0.0612971,0.189418,0.00895303,0.195784,-0.19406,0.937957,-1.19884,-0.00802391,6.12086,-1.56677,6.34402,-6.56887,12.9265,-20.5103,-1.11768,26.9979,2.21456,27.9151,-25.7032,10.7903,-13.8739,-0.109376,0.0407039,-0.0832463,0.0325491,-1.88555,0.0574094,0.201249,-0.0609973,0.225308,0.0732858,0.190352,-0.219425,1.12265,-1.65424,-0.0010358,0,0,0,0,0,0,0,20.6493,-28.5555,20.734,25.257,3.45214,-1.15089,-0.0227812,
0.0368668,-0.0851696,0.0287341,-1.88287,0.0382322,0.231425,-0.0610948,0.193967,0.00675917,0.200386,-0.198097,0.945607,-1.21862,-0.00779272,2.84341,-1.37116,2.87652,-2.5233,4.7812,-12.357,0.144493,29.3858,3.45489,30.396,-25.7903,10.7903,-13.8739,-0.0890104,0.0407039,-0.0832463,0.0325491,-1.88555,0.0574094,0.201249,-0.0609973,0.225308,0.0732858,0.190352,-0.219425,1.12265,-1.65424,-0.0010358,0,0,0,0,0,0,0,20.6493,-28.5555,20.734,25.257,3.45214,-1.15089,-0.0227812,
0.0463921,-0.0821982,0.0384178,-1.892,0.0828635,0.165478,-0.0612465,0.203545,0.0127634,0.21034,-0.212667,0.968004,-1.26532,-0.00925022,5.98613,3.75262,6.22122,-9.10616,13.9984,-29.1874,-0.910937,26.9979,2.21456,27.9151,-25.7032,10.7903,-13.8739,-0.109376,0.0407039,-0.0832463,0.0325491,-1.88555,0.0574094,0.201249,-0.0609973,0.225308,0.0732858,0.190352,-0.219425,1.12265,-1.65424,-0.0010358,0,0,0,0,0,0,0,20.6493,-28.5555,20.734,25.257,3.45214,-1.15089,-0.0227812,
0.0483038,-0.0819306,0.040397,-1.89411,0.0913974,0.15401,-0.0613928,0.210629,0.0169021,0.217753,-0.223041,0.98775,-1.29894,-0.0110571,4.42753,2.58669,4.63331,-6.48362,12.3414,-21.0156,-1.12931,25.1354,1.74039,26.0032,-25.0093,10.8955,-13.3475,-0.155555,0.0514327,-0.0831048,0.044201,-1.89775,0.0934859,0.145174,-0.0609987,0.38721,0.0613795,0.32289,-0.345946,1.10521,-1.70186,0.0011311,20.2378,-1.48829,16.5672,-15.8151,-2.18015,-5.95207,0.270862,7.10498,-28.98,7.36024,23.2178,3.29284,-0.977854,-0.123489,
0.0501746,-0.0816827,0.0423349,-1.89617,0.100001,0.142698,-0.0615458,0.215271,0.0197176,0.222651,-0.229947,1.00529,-1.32197,-0.0126706,2.90157,1.75971,3.06079,-4.31671,10.9632,-14.3959,-1.00843,23.4142,1.69892,24.228,-24.445,10.8955,-13.3475,-0.181886,0.0514327,-0.0831048,0.044201,-1.89775,0.0934859,0.145174,-0.0609987,0.38721,0.0613795,0.32289,-0.345946,1.10521,-1.70186,0.0011311,0,0,0,0,0,0,0,7.10498,-28.98,7.36024,23.2178,3.29284,-0.977854,-0.123489,
0.056556,-0.0821254,0.0495036,-1.90269,0.111616,0.119734,-0.0612298,0.234283,0.0274445,0.242454,-0.244112,1.03212,-1.36899,-0.0135107,11.8824,4.82933,12.3775,-8.85274,16.7651,-29.3829,-0.525049,27.3765,2.27814,28.3348,-25.3285,10.8955,-13.3475,-0.11187,0.0514327,-0.0831048,0.044201,-1.89775,0.0934859,0.145174,-0.0609987,0.38721,0.0613795,0.32289,-0.345946,1.10521,-1.70186,0.0011311,0,0,0,0,0,0,0,7.10498,-28.98,7.36024,23.2178,3.29284,-0.977854,-0.123489,
0.0588899,-0.0817086,0.0519234,-1.90498,0.120771,0.10767,-0.0613866,0.245773,0.0323756,0.254459,-0.252596,1.05459,-1.39679,-0.0147277,7.1813,3.08194,7.50255,-5.30297,14.0464,-17.379,-0.760611,25.1354,1.74039,26.0032,-25.0093,10.8955,-13.3475,-0.155555,0.0514327,-0.0831048,0.044201,-1.89775,0.0934859,0.145174,-0.0609987,0.38721,0.0613795,0.32289,-0.345946,1.10521,-1.70186,0.0011311,0,0,0,0,0,0,0,7.10498,-28.98,7.36024,23.2178,3.29284,-0.977854,-0.123489,
0.0610885,-0.0813393,0.0542035,-1.90717,0.129918,0.0959486,-0.0615475,0.251585,0.0351324,0.26057,-0.256903,1.07234,-1.41047,-0.0158045,3.63216,1.723,3.81957,-2.69142,11.0916,-8.54511,-0.673047,23.8391,1.84645,24.7113,-24.1028,10.9987,-12.7626,-0.183911,0.066411,-0.0818435,0.0598302,-1.91362,0.133407,0.0842261,-0.0610254,0.485469,-0.0388052,0.460912,-0.492578,1.21822,-1.87686,0.00024459,12.2823,-12.5231,17.2527,-18.329,14.1261,-21.8755,-0.110813,4.62146,-30.2297,4.88862,18.584,1.95526,-0.169443,-0.0703886,
0.0631689,-0.0810175,0.0563612,-1.9093,0.139023,0.0847118,-0.0617009,0.253276,0.0361533,0.262399,-0.258784,1.08549,-1.40929,-0.0164799,1.05706,0.638063,1.14324,-1.17576,8.21798,0.732341,-0.422071,22.5728,1.88322,23.4076,-23.4963,10.9987,-12.5978,-0.189228,0.066411,-0.0818435,0.0598302,-1.91362,0.133407,0.0842261,-0.0610254,0.485469,-0.0388052,0.460912,-0.492578,1.21822,-1.87686,0.00024459,0,0,0,0,0,0,0,4.62146,-30.2297,4.88862,18.584,1.95526,-0.169443,-0.0703886,
0.0727045,-0.0813325,0.0663529,-1.91906,0.153322,0.0561668,-0.0613378,0.277013,0.0368185,0.287081,-0.270463,1.11808,-1.46711,-0.0174084,14.8355,0.41572,15.4265,-7.29929,20.3689,-36.1376,-0.580339,25.5603,1.88793,26.4865,-24.6671,10.9987,-12.7626,-0.157581,0.066411,-0.0818435,0.0598302,-1.91362,0.133407,0.0842261,-0.0610254,0.485469,-0.0388052,0.460912,-0.492578,1.21822,-1.87686,0.00024459,0,0,0,0,0,0,0,4.62146,-30.2297,4.88862,18.584,1.95526,-0.169443,-0.0703886,
0.0753998,-0.0810024,0.0691491,-1.9214,0.163242,0.0433786,-0.061509,0.288993,0.0377072,0.299568,-0.275066,1.14245,-1.4934,-0.0182074,7.48774,0.55545,7.80435,-2.87698,15.2315,-16.4261,-0.499352,23.8391,1.84645,24.7113,-24.1028,10.9987,-12.7626,-0.183911,0.066411,-0.0818435,0.0598302,-1.91362,0.133407,0.0842261,-0.0610254,0.485469,-0.0388052,0.460912,-0.492578,1.21822,-1.87686,0.00024459,0,0,0,0,0,0,0,4.62146,-30.2297,4.88862,18.584,1.95526,-0.169443,-0.0703886,
0.0778669,-0.0806963,0.0717088,-1.92364,0.173018,0.0314229,-0.0616709,0.292872,0.0378172,0.303649,-0.275969,1.15836,-1.49361,-0.0186117,2.42433,0.068745,2.55026,-0.564124,9.9453,-0.132354,-0.252702,22.8564,2.2336,23.7479,-23.3486,11.0379,-11.9742,-0.191096,0.0828548,-0.0796263,0.0775729,-1.93237,0.178833,0.0176164,-0.0611924,0.449481,0.0157188,0.645082,-0.603116,1.39665,-2.10959,-0.00855942,-4.49848,6.8155,23.0213,-13.8172,22.3045,-29.0913,-1.1005,5.45856,-31.0787,4.964,25.2847,2.18139,-0.666574,-0.137222,
0.0899161,-0.078312,0.0849173,-1.93865,0.200492,-0.0131184,-0.0615452,0.316977,0.0472269,0.328703,-0.292597,1.19493,-1.56276,-0.0194178,15.0656,5.88107,15.6592,-10.3927,22.858,-43.2179,-0.503843,24.1227,2.19683,25.0517,-23.9552,11.0379,-12.139,-0.185779,0.0828548,-0.0796263,0.0775729,-1.93237,0.178833,0.0176164,-0.0611924,0.449481,0.0157188,0.645082,-0.603116,1.39665,-2.10959,-0.00855942,0,0,0,0,0,0,0,5.45856,-31.0787,4.964,25.2847,2.18139,-0.666574,-0.137222,
0.0928582,-0.0777058,0.08797,-1.94125,0.210949,-0.0265018,-0.0617163,0.327134,0.0529368,0.339281,-0.299223,1.21738,-1.58479,-0.0198119,6.34822,3.56867,6.61121,-4.14119,14.0277,-13.7699,-0.246262,22.8564,2.2336,23.7479,-23.3486,11.0379,-11.9742,-0.191096,0.0828548,-0.0796263,0.0775729,-1.93237,0.178833,0.0176164,-0.0611924,0.449481,0.0157188,0.645082,-0.603116,1.39665,-2.10959,-0.00855942,0,0,0,0,0,0,0,5.45856,-31.0787,4.964,25.2847,2.18139,-0.666574,-0.137222,
0.0955097,-0.0771975,0.0907217,-1.94369,0.221097,-0.0385313,-0.0618722,0.327994,0.0550548,0.340219,-0.300369,1.2276,-1.56857,-0.0197477,0.537014,1.32378,0.585803,-0.716541,6.38771,10.1371,0.0401249,21.874,2.22041,22.7366,-22.7711,11.0379,-11.1643,-0.182907,0.0828548,-0.0796263,0.0775729,-1.93237,0.178833,0.0176164,-0.0611924,0.449481,0.0157188,0.645082,-0.603116,1.39665,-2.10959,-0.00855942,0,0,0,0,0,0,0,5.45856,-31.0787,4.964,25.2847,2.18139,-0.666574,-0.137222,
0.0979306,-0.0767884,0.0932349,-1.94603,0.230934,-0.0490619,-0.0620101,0.322918,0.0542729,0.335003,-0.298685,1.228,-1.51812,-0.0192449,-3.1724,-0.488691,-3.25968,1.05249,0.253412,31.5307,0.31425,21.0582,1.85738,21.9459,-21.8969,10.866,-9.31606,-0.171318,0.100856,-0.0761766,0.0963622,-1.9515,0.229324,-0.0540556,-0.0614949,0.412159,0.131486,0.718197,-0.537782,1.53497,-2.15534,-0.0048749,-4.66521,14.4709,9.13929,8.16679,17.2901,-5.71825,0.460564,5.48236,-34.1969,4.93623,26.2289,1.70532,-0.832285,-0.250748,
0.108065,-0.0741383,0.103869,-1.95778,0.25213,-0.0841205,-0.0618569,0.342519,0.0669078,0.355322,-0.312095,1.26115,-1.57054,-0.0198906,12.2508,7.8968,12.6993,-8.38141,20.7166,-32.7597,-0.403579,22.8634,1.94431,23.8031,-23.0163,10.866,-11.4282,-0.193329,0.100856,-0.0761766,0.0963622,-1.9515,0.229324,-0.0540556,-0.0614949,0.412159,0.131486,0.718197,-0.537782,1.53497,-2.15534,-0.0048749,0,0,0,0,0,0,0,5.48236,-34.1969,4.93623,26.2289,1.70532,-0.832285,-0.250748,
0.111046,-0.073384,0.106961,-1.96045,0.262789,-0.0967699,-0.0620206,0.348538,0.0723819,0.361563,-0.316239,1.27539,-1.57266,-0.0200055,3.76197,3.42133,3.90061,-2.58941,8.90232,-1.32949,-0.0718394,21.8809,1.93111,22.7918,-22.4387,10.866,-10.6183,-0.18514,0.100856,-0.0761766,0.0963622,-1.9515,0.229324,-0.0540556,-0.0614949,0.412159,0.131486,0.718197,-0.537782,1.53497,-2.15534,-0.0048749,0,0,0,0,0,0,0,5.48236,-34.1969,4.93623,26.2289,1.70532,-0.832285,-0.250748,
0.113722,-0.072802,0.109738,-1.96294,0.27299,-0.107722,-0.062165,0.345748,0.0724572,0.358684,-0.315234,1.27536,-1.53194,-0.0196148,-1.7438,0.0470494,-1.79944,0.627904,-0.0216874,25.4495,0.244215,21.0582,1.85738,21.9459,-21.8969,10.866,-9.31606,-0.171318,0.100856,-0.0761766,0.0963622,-1.9515,0.229324,-0.0540556,-0.0614949,0.412159,0.131486,0.718197,-0.537782,1.53497,-2.15534,-0.0048749,0,0,0,0,0,0,0,5.48236,-34.1969,4.93623,26.2289,1.70532,-0.832285,-0.250748,
0.116157,-0.0723678,0.112265,-1.96529,0.282781,-0.116946,-0.0622917,0.337461,0.068821,0.350124,-0.31115,1.26506,-1.45614,-0.0188583,-5.17966,-2.27263,-5.34975,2.55218,-6.4379,47.3797,0.472815,20.4586,1.37185,21.3677,-20.8998,10.7592,-6.76103,-0.156193,0.120162,-0.0714943,0.116831,-1.97114,0.283005,-0.126384,-0.0618673,0.447057,0.195037,0.776237,-0.513,1.60298,-2.16919,-0.0105395,4.36229,7.9438,7.25504,3.09771,8.50107,-1.73198,-0.708078,4.08985,-33.0742,3.68654,22.7417,1.85821,-1.46217,-0.150955,
0.127795,-0.069103,0.124774,-1.97748,0.306447,-0.155452,-0.0622321,0.358522,0.0813603,0.37187,-0.323053,1.29674,-1.50456,-0.0194979,13.1632,7.83707,13.5908,-7.43921,19.8014,-30.2643,-0.399787,21.998,1.57722,22.9495,-21.9437,10.7592,-10.0273,-0.187951,0.120162,-0.0714943,0.116831,-1.97114,0.283005,-0.126384,-0.0618673,0.447057,0.195037,0.776237,-0.513,1.60298,-2.16919,-0.0105395,0,0,0,0,0,0,0,4.08985,-33.0742,3.68654,22.7417,1.85821,-1.46217,-0.150955,
0.130899,-0.0683129,0.127991,-1.98017,0.317213,-0.167078,-0.062387,0.364418,0.0848422,0.377916,-0.325859,1.30653,-1.49431,-0.0194706,3.68521,2.17618,3.77923,-1.75363,6.12236,6.40511,0.017054,21.1754,1.50349,22.1036,-21.4019,10.7592,-8.72507,-0.174129,0.120162,-0.0714943,0.116831,-1.97114,0.283005,-0.126384,-0.0618673,0.447057,0.195037,0.776237,-0.513,1.60298,-2.16919,-0.0105395,0,0,0,0,0,0,0,4.08985,-33.0742,3.68654,22.7417,1.85821,-1.46217,-0.150955,
0.13366,-0.0677422,0.130853,-1.98267,0.327422,-0.176761,-0.0625221,0.360554,0.0821395,0.373888,-0.323089,1.30044,-1.43751,-0.0189535,-2.41482,-1.68918,-2.51772,1.73139,-3.81081,35.4999,0.32322,20.4586,1.37185,21.3677,-20.8998,10.7592,-6.76103,-0.156193,0.120162,-0.0714943,0.116831,-1.97114,0.283005,-0.126384,-0.0618673,0.447057,0.195037,0.776237,-0.513,1.60298,-2.16919,-0.0105395,0,0,0,0,0,0,0,4.08985,-33.0742,3.68654,22.7417,1.85821,-1.46217,-0.150955,
0.127795,-0.069103,0.124774,-1.97748,0.306447,-0.155452,-0.0622321,0.376997,0.0920151,0.390881,-0.332604,1.32504,-1.48966,-0.0195741,10.2765,6.17226,10.6203,-5.94692,15.3788,-32.5925,-0.387884,21.2995,0.676958,22.261,-20.7141,10.5824,-8.25616,-0.177888,0.141383,-0.0667818,0.137478,-1.99149,0.338825,-0.194722,-0.062324,0.515836,0.0999528,0.738551,-0.596434,1.6239,-2.00001,-0.00604784,8.59735,-11.8855,-4.71078,-10.4292,2.61467,21.1477,0.561461,0.539127,-32.6973,0.314344,22.7179,1.82068,-1.2104,-0.217789,
0.152312,-0.0645437,0.148807,-2.00039,0.372491,-0.231868,-0.0628063,0.380045,0.0871927,0.3939,-0.330726,1.32345,-1.44781,-0.019238,1.90514,-3.01401,1.88724,1.17352,-0.993829,26.1545,0.210073,20.5828,0.545315,21.5251,-20.212,10.5824,-6.29213,-0.159952,0.141383,-0.0667818,0.137478,-1.99149,0.338825,-0.194722,-0.062324,0.515836,0.0999528,0.738551,-0.596434,1.6239,-2.00001,-0.00604784,0,0,0,0,0,0,0,0.539127,-32.6973,0.314344,22.7179,1.82068,-1.2104,-0.217789,
0.155085,-0.0641898,0.151678,-2.00276,0.38246,-0.240078,-0.0629306,0.373346,0.0786016,0.386908,-0.323847,1.30798,-1.36349,-0.0184984,-4.18696,-5.36942,-4.37019,4.29927,-9.67297,52.6982,0.462231,19.9245,0.315097,20.8474,-19.7936,10.5824,-4.31916,-0.142573,0.141383,-0.0667818,0.137478,-1.99149,0.338825,-0.194722,-0.062324,0.515836,0.0999528,0.738551,-0.596434,1.6239,-2.00001,-0.00604784,0,0,0,0,0,0,0,0.539127,-32.6973,0.314344,22.7179,1.82068,-1.2104,-0.217789,
0.157567,-0.0639907,0.154251,-2.00496,0.391943,-0.246437,-0.0630381,0.360726,0.0678609,0.373852,-0.314039,1.28346,-1.24979,-0.0174846,-7.88731,-6.71294,-8.15992,6.13019,-15.3213,71.0655,0.633624,19.3118,0.0366725,20.2132,-19.4483,10.5824,-2.59627,-0.126021,0.141383,-0.0667818,0.137478,-1.99149,0.338825,-0.194722,-0.062324,0.515836,0.0999528,0.738551,-0.596434,1.6239,-2.00001,-0.00604784,0,0,0,0,0,0,0,0.539127,-32.6973,0.314344,22.7179,1.82068,-1.2104,-0.217789,
0.149161,-0.0651144,0.145543,-1.99788,0.361979,-0.220314,-0.0626346,0.37843,0.0728855,0.392013,-0.324361,1.30671,-1.28954,-0.0177194,11.0649,3.14035,11.3504,-6.45147,14.5305,-24.8446,-0.146729,20.5828,0.545315,21.5251,-20.212,10.5824,-6.29213,-0.159952,0.141383,-0.0667818,0.137478,-1.99149,0.338825,-0.194722,-0.062324,0.515836,0.0999528,0.738551,-0.596434,1.6239,-2.00001,-0.00604784,0,0,0,0,0,0,0,0.539127,-32.6973,0.314344,22.7179,1.82068,-1.2104,-0.217789,
0.152283,-0.0645839,0.148773,-2.00049,0.372517,-0.229592,-0.0627648,0.380797,0.0715717,0.39438,-0.324626,1.30882,-1.26357,-0.0174295,1.4796,-0.821087,1.47928,-0.165621,1.31892,16.2291,0.181191,19.8767,-0.563286,20.8218,-19.0796,10.3277,-3.90806,-0.146671,0.163455,-0.0625818,0.158494,-2.0124,0.394966,-0.256479,-0.0626104,0.74601,0.0587893,0.525698,-0.669799,1.63906,-1.69515,-0.0108868,28.7717,-5.14544,-26.6065,-9.17067,1.89517,38.1079,-0.604869,-3.69793,-32.9472,-3.53789,25.6061,2.34619,-1.65443,-0.0767973,
0.155033,-0.0642413,0.151621,-2.00286,0.382481,-0.236788,-0.062877,0.373387,0.0658213,0.386702,-0.319012,1.29615,-1.19076,-0.0167501,-4.63138,-3.59399,-4.79863,3.50868,-7.91835,45.5105,0.424602,19.2639,-0.841711,20.1875,-18.7343,10.3277,-2.18518,-0.130119,0.163455,-0.0625818,0.158494,-2.0124,0.394966,-0.256479,-0.0626104,0.74601,0.0587893,0.525698,-0.669799,1.63906,-1.69515,-0.0108868,0,0,0,0,0,0,0,-3.69793,-32.9472,-3.53789,25.6061,2.34619,-1.65443,-0.0767973,
0.157487,-0.0640521,0.154165,-2.00505,0.391956,-0.242145,-0.0629721,0.360059,0.057388,0.372957,-0.309866,1.2738,-1.08653,-0.0157763,-8.32997,-5.27085,-8.59053,5.71628,-13.9704,65.1434,0.608663,18.6949,-1.10149,19.5969,-18.4269,10.3277,-0.69492,-0.114426,0.163455,-0.0625818,0.158494,-2.0124,0.394966,-0.256479,-0.0626104,0.74601,0.0587893,0.525698,-0.669799,1.63906,-1.69515,-0.0108868,0,0,0,0,0,0,0,-3.69793,-32.9472,-3.53789,25.6061,2.34619,-1.65443,-0.0767973,
0.171294,-0.0611977,0.166565,-2.01882,0.417638,-0.278289,-0.0629012,0.378061,0.0613356,0.391359,-0.319492,1.29139,-1.11381,-0.0160741,11.2512,2.4673,11.5014,-6.01608,10.9952,-17.0542,-0.186149,19.8767,-0.563286,20.8218,-19.0796,10.3277,-3.90806,-0.146671,0.163455,-0.0625818,0.158494,-2.0124,0.394966,-0.256479,-0.0626104,0.74601,0.0587893,0.525698,-0.669799,1.63906,-1.69515,-0.0108868,0,0,0,0,0,0,0,-3.69793,-32.9472,-3.53789,25.6061,2.34619,-1.65443,-0.0767973,
0.174401,-0.0607942,0.169778,-2.02132,0.427835,-0.285885,-0.0630209,0.380128,0.0591549,0.393405,-0.318063,1.28803,-1.08096,-0.0158516,1.29203,-1.36296,1.2787,0.89296,-2.09915,20.5331,0.139089,19.0468,-1.82077,19.9865,-18.0542,9.98907,-1.88477,-0.133351,0.182933,-0.0587082,0.182957,-2.03315,0.451528,-0.311086,-0.0628748,0.862784,0.0637804,0.386033,-0.664946,1.58075,-1.31848,-0.00383375,14.5968,0.62389,-17.4581,0.606596,-7.28828,47.0835,0.881629,-4.1026,-33.5979,-4.28771,30.8627,2.72522,0.552908,-0.137222,
0.177121,-0.0605793,0.172593,-2.02357,0.437455,-0.291515,-0.063122,0.372097,0.0526975,0.385096,-0.310726,1.27093,-1.00551,-0.0152092,-5.01946,-4.0359,-5.19312,4.5858,-10.6914,47.1559,0.401499,18.4778,-2.08055,19.3958,-17.7467,9.98907,-0.394511,-0.117657,0.182933,-0.0587082,0.182957,-2.03315,0.451528,-0.311086,-0.0628748,0.862784,0.0637804,0.386033,-0.664946,1.58075,-1.31848,-0.00383375,0,0,0,0,0,0,0,-4.1026,-33.5979,-4.28771,30.8627,2.72522,0.552908,-0.137222,
0.179535,-0.0605135,0.175094,-2.02563,0.446599,-0.295426,-0.0632049,0.358017,0.0438024,0.370599,-0.300101,1.24534,-0.902171,-0.0142386,-8.8001,-5.55939,-9.06051,6.64092,-15.9904,64.5887,0.606573,17.9484,-2.28841,18.8443,-17.457,9.98907,0.902727,-0.101434,0.182933,-0.0587082,0.182957,-2.03315,0.451528,-0.311086,-0.0628748,0.862784,0.0637804,0.386033,-0.664946,1.58075,-1.31848,-0.00383375,0,0,0,0,0,0,0,-4.1026,-33.5979,-4.28771,30.8627,2.72522,0.552908,-0.137222,
0.190566,-0.0574271,0.190789,-2.03932,0.47305,-0.328043,-0.0631422,0.373663,0.0486781,0.3866,-0.308338,1.25402,-0.909955,-0.0145496,9.77872,3.04731,10.0007,-5.14839,5.4217,-4.86497,-0.19433,19.0468,-1.82077,19.9865,-18.0542,9.98907,-1.88477,-0.133351,0.182933,-0.0587082,0.182957,-2.03315,0.451528,-0.311086,-0.0628748,0.862784,0.0637804,0.386033,-0.664946,1.58075,-1.31848,-0.00383375,0,0,0,0,0,0,0,-4.1026,-33.5979,-4.28771,30.8627,2.72522,0.552908,-0.137222,
0.193564,-0.0571165,0.193889,-2.04168,0.482693,-0.333669,-0.0632492,0.373869,0.046708,0.386761,-0.305649,1.24427,-0.868613,-0.0143131,0.12863,-1.23135,0.100414,1.68046,-6.08965,25.8385,0.14778,18.2129,-2.77789,19.1391,-17.0781,9.72265,-0.102175,-0.119751,0.2021,-0.0547839,0.208157,-2.05292,0.504076,-0.352033,-0.0631073,0.541791,0.120189,0.779048,-0.536565,1.49427,-0.976231,-0.00237907,-40.1242,7.05103,49.1269,16.0477,-10.8102,42.7809,0.181835,-3.97564,-33.2726,-5.23589,27.677,3.26812,-0.136484,-0.103348,
0.196178,-0.0570018,0.196595,-2.0438,0.491807,-0.337571,-0.0633365,0.364453,0.0402344,0.377059,-0.297359,1.22328,-0.792446,-0.0136336,-5.88474,-4.04595,-6.06375,5.18165,-13.1242,47.6046,0.424689,17.6835,-2.98575,18.5876,-16.7884,9.72265,1.19506,-0.103528,0.2021,-0.0547839,0.208157,-2.05292,0.504076,-0.352033,-0.0631073,0.541791,0.120189,0.779048,-0.536565,1.49427,-0.976231,-0.00237907,0,0,0,0,0,0,0,-3.97564,-33.2726,-5.23589,27.677,3.26812,-0.136484,-0.103348,
0.209928,-0.0534942,0.216259,-2.0585,0.524731,-0.363987,-0.0633628,0.380573,0.0443908,0.393545,-0.300825,1.22673,-0.764404,-0.0138943,10.0751,2.59774,10.3039,-2.16631,2.15937,17.5262,-0.162929,18.2129,-2.77789,19.1391,-17.0781,9.72265,-0.102175,-0.119751,0.2021,-0.0547839,0.208157,-2.05292,0.504076,-0.352033,-0.0631073,0.541791,0.120189,0.779048,-0.536565,1.49427,-0.976231,-0.00237907,0,0,0,0,0,0,0,-3.97564,-33.2726,-5.23589,27.677,3.26812,-0.136484,-0.103348,
0.212944,-0.0532773,0.219375,-2.0607,0.534033,-0.36767,-0.0634595,0.379858,0.0409365,0.392742,-0.295578,1.21395,-0.703603,-0.0135327,-0.447208,-2.15897,-0.502398,3.27948,-7.98626,38.0005,0.226007,17.6835,-2.98575,18.5876,-16.7884,9.72265,1.19506,-0.103528,0.2021,-0.0547839,0.208157,-2.05292,0.504076,-0.352033,-0.0631073,0.541791,0.120189,0.779048,-0.536565,1.49427,-0.976231,-0.00237907,0,0,0,0,0,0,0,-3.97564,-33.2726,-5.23589,27.677,3.26812,-0.136484,-0.103348,
0.215545,-0.0532631,0.222066,-2.06267,0.542841,-0.369933,-0.0635356,0.368917,0.0331041,0.38147,-0.285789,1.19136,-0.619463,-0.012729,-6.83808,-4.89525,-7.0449,6.11762,-14.1187,52.5876,0.502296,17.0727,-3.67098,17.956,-16.1689,9.47436,2.4879,-0.087309,0.225533,-0.0511918,0.227704,-2.07153,0.55602,-0.382867,-0.0632816,0.357898,0.129067,0.948946,-0.495121,1.48911,-0.777466,-0.00230642,-22.9866,1.1098,21.2372,5.18049,-0.64569,24.8457,0.00908115,-1.5675,-32.249,-2.36357,24.7849,2.94494,-1.5821,-0.103348,
0.217827,-0.0533919,0.224431,-2.06447,0.551256,-0.370937,-0.0635954,0.352178,0.0232642,0.364289,-0.273699,1.16346,-0.520655,-0.0116787,-10.4619,-6.14992,-10.7377,7.55629,-17.4416,61.7548,0.656428,16.578,-3.75745,17.4417,-15.8873,9.47436,3.43986,-0.0708183,0.225533,-0.0511918,0.227704,-2.07153,0.55602,-0.382867,-0.0632816,0.357898,0.129067,0.948946,-0.495121,1.48911,-0.777466,-0.00230642,0,0,0,0,0,0,0,-1.5675,-32.249,-2.36357,24.7849,2.94494,-1.5821,-0.103348,
0.233225,-0.0500228,0.23569,-2.07683,0.576219,-0.391771,-0.063511,0.369163,0.0288543,0.381583,-0.278791,1.1723,-0.510631,-0.0119927,10.616,3.49384,10.8086,-3.18232,5.52726,6.26484,-0.196198,17.5739,-3.5245,18.4785,-16.4524,9.47436,1.37965,-0.104459,0.225533,-0.0511918,0.227704,-2.07153,0.55602,-0.382867,-0.0632816,0.357898,0.129067,0.948946,-0.495121,1.48911,-0.777466,-0.00230642,0,0,0,0,0,0,0,-1.5675,-32.249,-2.36357,24.7849,2.94494,-1.5821,-0.103348,
0.236175,-0.0498909,0.238734,-2.07891,0.585232,-0.394156,-0.0635941,0.369074,0.0263788,0.38138,-0.275188,1.16317,-0.46813,-0.011672,-0.056084,-1.54719,-0.127099,2.25172,-5.70521,26.5634,0.200403,17.0727,-3.67098,17.956,-16.1689,9.47436,2.4879,-0.087309,0.225533,-0.0511918,0.227704,-2.07153,0.55602,-0.382867,-0.0632816,0.357898,0.129067,0.948946,-0.495121,1.48911,-0.777466,-0.00230642,0,0,0,0,0,0,0,-1.5675,-32.249,-2.36357,24.7849,2.94494,-1.5821,-0.103348,
0.238709,-0.049957,0.241355,-2.08078,0.593751,-0.395274,-0.0636589,0.358621,0.0194522,0.370607,-0.266899,1.14351,-0.402453,-0.0109566,-6.53288,-4.32914,-6.73327,5.18067,-12.2873,41.0482,0.447125,16.6346,-4.51031,17.5195,-15.6845,9.25095,3.50144,-0.0718796,0.248038,-0.049973,0.246881,-2.08939,0.608298,-0.403939,-0.0633987,0.90095,-0.0432858,0.299168,-0.587845,1.55537,-0.541249,-0.00399411,67.8816,-21.5441,-81.2222,-11.5906,8.28253,29.5272,-0.210961,-1.00811,-29.5552,-1.38762,22.5671,2.81036,-1.82655,-0.050247,
0.240926,-0.0501576,0.243651,-2.08249,0.601891,-0.395268,-0.0637084,0.342319,0.0105466,0.353886,-0.256195,1.11831,-0.321818,-0.0100037,-10.189,-5.56603,-10.4501,6.69046,-15.7487,50.3969,0.595592,16.1439,-4.53363,17.0131,-15.3926,9.25095,4.28851,-0.0585016,0.248038,-0.049973,0.246881,-2.08939,0.608298,-0.403939,-0.0633987,0.90095,-0.0432858,0.299168,-0.587845,1.55537,-0.541249,-0.00399411,0,0,0,0,0,0,0,-1.00811,-29.5552,-1.38762,22.5671,2.81036,-1.82655,-0.050247,
0.255279,-0.0500475,0.254273,-2.09442,0.628372,-0.410522,-0.0635914,0.355988,0.00654886,0.3677,-0.25956,1.13239,-0.324521,-0.010184,8.54337,-2.49857,8.6333,-2.10335,8.79897,-1.68958,-0.112702,17.1293,-4.42384,18.0338,-15.9662,9.25095,2.54948,-0.0883703,0.248038,-0.049973,0.246881,-2.08939,0.608298,-0.403939,-0.0633987,0.90095,-0.0432858,0.299168,-0.587845,1.55537,-0.541249,-0.00399411,0,0,0,0,0,0,0,-1.00811,-29.5552,-1.38762,22.5671,2.81036,-1.82655,-0.050247,
0.258067,-0.0502564,0.257151,-2.0963,0.637189,-0.411918,-0.0636605,0.354486,1.72292e-05,0.366085,-0.254482,1.12634,-0.294508,-0.00987318,-0.938672,-4.08227,-1.00888,3.17388,-3.78248,18.7583,0.194251,16.6346,-4.51031,17.5195,-15.6845,9.25095,3.50144,-0.0718796,0.248038,-0.049973,0.246881,-2.08939,0.608298,-0.403939,-0.0633987,0.90095,-0.0432858,0.299168,-0.587845,1.55537,-0.541249,-0.00399411,0,0,0,0,0,0,0,-1.00811,-29.5552,-1.38762,22.5671,2.81036,-1.82655,-0.050247,
0.260473,-0.0505721,0.259639,-2.09798,0.645509,-0.412131,-0.0637134,0.343749,-0.00787907,0.355086,-0.245742,1.10907,-0.24094,-0.00922322,-6.7107,-4.93518,-6.87491,5.46207,-10.7921,33.4796,0.406227,15.8705,-5.21789,16.7765,-15.199,8.97386,4.30937,-0.0588559,0.261949,-0.0502897,0.274237,-2.106,0.657968,-0.411605,-0.0634325,0.449744,-0.0287099,0.688758,-0.476292,1.48771,-0.136394,-0.000401645,-56.4008,1.82199,48.6987,13.9441,-8.45718,50.6068,0.449058,-2.35302,-26.6075,-3.96239,20.8017,3.51898,-2.53608,-0.0630644,
0.262586,-0.0509595,0.261829,-2.09954,0.65346,-0.411313,-0.0637523,0.327818,-0.0159879,0.338823,-0.23545,1.08603,-0.172299,-0.00835067,-9.95697,-5.06805,-10.164,6.43297,-14.4027,42.9005,0.545343,15.4103,-5.20195,16.3004,-14.9028,8.97386,4.9751,-0.0468263,0.261949,-0.0502897,0.274237,-2.106,0.657968,-0.411605,-0.0634325,0.449744,-0.0287099,0.688758,-0.476292,1.48771,-0.136394,-0.000401645,0,0,0,0,0,0,0,-2.35302,-26.6075,-3.96239,20.8017,3.51898,-2.53608,-0.0630644,
0.26872,-0.0505282,0.281247,-2.11038,0.677238,-0.413168,-0.0635993,0.339249,-0.0172298,0.350576,-0.236757,1.0974,-0.149209,-0.00859029,7.14444,-0.776146,7.3454,-0.816952,7.10678,14.4316,-0.149766,16.3612,-5.19457,17.2829,-15.491,8.97386,3.5223,-0.072234,0.261949,-0.0502897,0.274237,-2.106,0.657968,-0.411605,-0.0634325,0.449744,-0.0287099,0.688758,-0.476292,1.48771,-0.136394,-0.000401645,0,0,0,0,0,0,0,-2.35302,-26.6075,-3.96239,20.8017,3.51898,-2.53608,-0.0630644,
0.271329,-0.0508351,0.283946,-2.11207,0.685735,-0.412799,-0.0636578,0.336612,-0.0214562,0.347937,-0.231753,1.09033,-0.110163,-0.00833336,-1.64814,-2.64152,-1.64946,3.12741,-4.41601,24.4038,0.160583,15.8705,-5.21789,16.7765,-15.199,8.97386,4.30937,-0.0588559,0.261949,-0.0502897,0.274237,-2.106,0.657968,-0.411605,-0.0634325,0.449744,-0.0287099,0.688758,-0.476292,1.48771,-0.136394,-0.000401645,0,0,0,0,0,0,0,-2.35302,-26.6075,-3.96239,20.8017,3.51898,-2.53608,-0.0630644,
0.273582,-0.0512347,0.286282,-2.11362,0.693774,-0.411615,-0.0637003,0.32561,-0.0271553,0.336761,-0.224063,1.07324,-0.0585299,-0.00773036,-6.87649,-3.56191,-6.98447,4.8063,-10.6839,32.2705,0.376877,15.2147,-5.39778,16.1248,-14.83,8.80255,5.02798,-0.0464389,0.287843,-0.0502675,0.287846,-2.12148,0.705112,-0.411394,-0.0634475,0.377286,0.0642346,0.795372,-0.382774,1.34702,0.0498213,-0.00173296,-9.05729,11.6181,13.3267,11.6897,-17.5859,23.2769,-0.166415,-1.71826,-30.3526,-1.96288,26.1298,4.39239,-2.3841,-0.0026396,
0.294618,-0.0500397,0.294889,-2.12564,0.723107,-0.410304,-0.0635967,0.337079,-0.0223039,0.34864,-0.226684,1.07332,-0.0280874,-0.00783944,7.16815,3.03213,7.42411,-1.63833,0.049986,19.0266,-0.0681738,15.6749,-5.41372,16.6009,-15.1262,8.80255,4.36226,-0.0584685,0.287843,-0.0502675,0.287846,-2.12148,0.705112,-0.411394,-0.0634475,0.377286,0.0642346,0.795372,-0.382774,1.34702,0.0498213,-0.00173296,0,0,0,0,0,0,0,-1.71826,-30.3526,-1.96288,26.1298,4.39239,-2.3841,-0.0026396,
0.297191,-0.0502598,0.297555,-2.12732,0.731148,-0.408966,-0.0636442,0.333981,-0.0233456,0.345561,-0.223368,1.05967,0.0109731,-0.00746051,-1.93602,-0.651059,-1.92419,2.07269,-8.5315,24.4128,0.236826,15.2147,-5.39778,16.1248,-14.83,8.80255,5.02798,-0.0464389,0.287843,-0.0502675,0.287846,-2.12148,0.705112,-0.411394,-0.0634475,0.377286,0.0642346,0.795372,-0.382774,1.34702,0.0498213,-0.00173296,0,0,0,0,0,0,0,-1.71826,-30.3526,-1.96288,26.1298,4.39239,-2.3841,-0.0026396,
0.2994,-0.0506074,0.29985,-2.12886,0.738805,-0.406999,-0.0636761,0.322409,-0.0273669,0.333807,-0.217045,1.03917,0.0579635,-0.00676573,-7.23275,-2.51336,-7.3467,3.95196,-12.8129,29.369,0.434241,14.7903,-5.35882,15.6848,-14.533,8.80255,5.56753,-0.0349462,0.287843,-0.0502675,0.287846,-2.12148,0.705112,-0.411394,-0.0634475,0.377286,0.0642346,0.795372,-0.382774,1.34702,0.0498213,-0.00173296,0,0,0,0,0,0,0,-1.71826,-30.3526,-1.96288,26.1298,4.39239,-2.3841,-0.0026396,
0.301336,-0.0510327,0.301866,-2.13028,0.74619,-0.40443,-0.0636946,0.306333,-0.0325259,0.317454,-0.209284,1.01595,0.110582,-0.00587419,-10.0475,-3.22434,-10.2205,4.85044,-14.5091,32.8868,0.557209,14.3969,-5.30919,15.2762,-14.2402,8.80255,6.02145,-0.023984,0.287843,-0.0502675,0.287846,-2.12148,0.705112,-0.411394,-0.0634475,0.377286,0.0642346,0.795372,-0.382774,1.34702,0.0498213,-0.00173296,0,0,0,0,0,0,0,-1.71826,-30.3526,-1.96288,26.1298,4.39239,-2.3841,-0.0026396,
0.309785,-0.0517687,0.316568,-2.13938,0.768222,-0.403211,-0.0635682,0.315187,-0.0328864,0.326629,-0.211452,1.01904,0.129149,-0.00596388,5.53396,-0.225324,5.73474,-1.3552,1.93002,11.6043,-0.0560558,15.2608,-5.94947,16.2173,-14.9099,8.64493,4.9762,-0.0461722,0.303563,-0.0513399,0.3102,-2.13543,0.750909,-0.406235,-0.0634497,0.89227,-0.0245006,0.165681,-0.419332,1.31364,0.243829,-0.00119322,64.373,-11.0919,-78.7113,-4.56973,-4.1727,24.251,0.0674677,-3.46783,-29.4798,-4.38689,23.8129,3.65356,-1.50245,0.00376909,
0.31216,-0.0521585,0.319036,-2.14093,0.775973,-0.401121,-0.0636027,0.311542,-0.036054,0.323014,-0.208036,1.00901,0.155574,-0.00563267,-2.27801,-1.97972,-2.25978,2.13522,-6.27154,16.5154,0.20701,14.8363,-5.91051,15.7773,-14.613,8.64493,5.51574,-0.0346795,0.303563,-0.0513399,0.3102,-2.13543,0.750909,-0.406235,-0.0634497,0.89227,-0.0245006,0.165681,-0.419332,1.31364,0.243829,-0.00119322,0,0,0,0,0,0,0,-3.46783,-29.4798,-4.38689,23.8129,3.65356,-1.50245,0.00376909,
0.314217,-0.0526258,0.321179,-2.14236,0.78339,-0.398513,-0.0636229,0.300641,-0.0405263,0.311973,-0.202182,0.992635,0.189668,-0.00501251,-6.81318,-2.79523,-6.90075,3.65866,-10.2324,21.3089,0.387597,14.4429,-5.86088,15.3687,-14.3201,8.64493,5.96966,-0.0237173,0.303563,-0.0513399,0.3102,-2.13543,0.750909,-0.406235,-0.0634497,0.89227,-0.0245006,0.165681,-0.419332,1.31364,0.243829,-0.00119322,0,0,0,0,0,0,0,-3.46783,-29.4798,-4.38689,23.8129,3.65356,-1.50245,0.00376909,
0.316033,-0.0531384,0.323076,-2.14371,0.790576,-0.395399,-0.0636307,0.285912,-0.045236,0.297023,-0.195316,0.973757,0.229568,-0.00420487,-9.20582,-2.94352,-9.34375,4.29144,-11.7987,24.9373,0.504778,14.0746,-5.8058,14.9859,-14.0317,8.64493,6.32864,-0.0129058,0.303563,-0.0513399,0.3102,-2.13543,0.750909,-0.406235,-0.0634497,0.89227,-0.0245006,0.165681,-0.419332,1.31364,0.243829,-0.00119322,0,0,0,0,0,0,0,-3.46783,-29.4798,-4.38689,23.8129,3.65356,-1.50245,0.00376909,
0.309772,-0.0517689,0.316553,-2.13937,0.768217,-0.402897,-0.0635503,0.298638,-0.0430383,0.310039,-0.200042,0.985191,0.229072,-0.0044072,7.95374,1.37356,8.13553,-2.9538,7.14611,-0.310173,-0.126458,14.789,-6.38279,15.7928,-14.4559,8.5773,5.49862,-0.0345638,0.319455,-0.0541012,0.331062,-2.14965,0.795467,-0.393074,-0.0634467,0.156149,-0.155258,0.950232,-0.417595,1.25009,0.521591,-1.22401e-05,-92.0151,-16.3447,98.0688,0.21717,-7.94393,34.7202,0.147623,-1.53973,-25.6593,-2.56194,18.7823,3.69568,-1.69471,-0.0227812,
0.312135,-0.0521563,0.319007,-2.14091,0.775962,-0.400595,-0.0635761,0.297974,-0.0441173,0.309387,-0.198536,0.981795,0.240809,-0.00417179,-0.414501,-0.674425,-0.407533,0.941409,-2.12215,7.33574,0.147133,14.3956,-6.33316,15.3842,-14.1631,8.5773,5.95254,-0.0236017,0.319455,-0.0541012,0.331062,-2.14965,0.795467,-0.393074,-0.0634467,0.156149,-0.155258,0.950232,-0.417595,1.25009,0.521591,-1.22401e-05,0,0,0,0,0,0,0,-1.53973,-25.6593,-2.56194,18.7823,3.69568,-1.69471,-0.0227812,
0.314174,-0.0526203,0.321132,-2.14232,0.783374,-0.397772,-0.063588,0.289363,-0.0468929,0.300624,-0.194128,0.97073,0.263232,-0.00363294,-5.38198,-1.73471,-5.47715,2.75488,-6.91587,14.0143,0.336778,14.0272,-6.27808,15.0014,-13.8747,8.5773,6.31152,-0.0127901,0.319455,-0.0541012,0.331062,-2.14965,0.795467,-0.393074,-0.0634467,0.156149,-0.155258,0.950232,-0.417595,1.25009,0.521591,-1.22401e-05,0,0,0,0,0,0,0,-1.53973,-25.6593,-2.56194,18.7823,3.69568,-1.69471,-0.0227812,
0.31597,-0.0531286,0.323008,-2.14364,0.790555,-0.394457,-0.0635866,0.276382,-0.0502229,0.287414,-0.188361,0.956106,0.293448,-0.00287302,-8.11337,-2.08129,-8.25617,3.60432,-9.13981,18.8855,0.474949,13.6754,-6.22192,14.6355,-13.593,8.5773,6.61286,-0.00215538,0.319455,-0.0541012,0.331062,-2.14965,0.795467,-0.393074,-0.0634467,0.156149,-0.155258,0.950232,-0.417595,1.25009,0.521591,-1.22401e-05,0,0,0,0,0,0,0,-1.53973,-25.6593,-2.56194,18.7823,3.69568,-1.69471,-0.0227812,
0.325868,-0.0555076,0.337787,-2.15322,0.811772,-0.387055,-0.063519,0.293702,-0.0567947,0.305294,-0.189787,0.96047,0.307438,-0.00310272,10.8252,-4.10737,11.1748,-0.891569,2.72764,8.74328,-0.14356,14.3956,-6.33316,15.3842,-14.1631,8.5773,5.95254,-0.0236017,0.319455,-0.0541012,0.331062,-2.14965,0.795467,-0.393074,-0.0634467,0.156149,-0.155258,0.950232,-0.417595,1.25009,0.521591,-1.22401e-05,0,0,0,0,0,0,0,-1.53973,-25.6593,-2.56194,18.7823,3.69568,-1.69471,-0.0227812,
0.328296,-0.0561694,0.340313,-2.1546,0.81922,-0.383982,-0.0635364,0.295645,-0.0619805,0.307396,-0.186521,0.954586,0.322752,-0.0029181,1.21436,-3.24111,1.31377,2.04153,-3.67779,9.5713,0.115384,14.0272,-6.27808,15.0014,-13.8747,8.5773,6.31152,-0.0127901,0.319455,-0.0541012,0.331062,-2.14965,0.795467,-0.393074,-0.0634467,0.156149,-0.155258,0.950232,-0.417595,1.25009,0.521591,-1.22401e-05,0,0,0,0,0,0,0,-1.53973,-25.6593,-2.56194,18.7823,3.69568,-1.69471,-0.0227812,
0.33037,-0.0568314,0.34248,-2.1559,0.826422,-0.380608,-0.0635392,0.28838,-0.0661333,0.300085,-0.181587,0.943718,0.342566,-0.00240478,-4.54047,-2.59552,-4.56943,3.08362,-6.79246,12.3836,0.320827,13.6754,-6.22192,14.6355,-13.593,8.5773,6.61286,-0.00215538,0.319455,-0.0541012,0.331062,-2.14965,0.795467,-0.393074,-0.0634467,0.156149,-0.155258,0.950232,-0.417595,1.25009,0.521591,-1.22401e-05,0,0,0,0,0,0,0,-1.53973,-25.6593,-2.56194,18.7823,3.69568,-1.69471,-0.0227812,
0.325856,-0.0555041,0.337772,-2.1532,0.811764,-0.386853,-0.0635019,0.303087,-0.0694662,0.315189,-0.184069,0.950441,0.349771,-0.00251457,9.19192,-2.08304,9.44019,-1.55094,4.20202,4.50332,-0.0686205,14.0272,-6.27808,15.0014,-13.8747,8.5773,6.31152,-0.0127901,0.319455,-0.0541012,0.331062,-2.14965,0.795467,-0.393074,-0.0634467,0.156149,-0.155258,0.950232,-0.417595,1.25009,0.521591,-1.22401e-05,0,0,0,0,0,0,0,-1.53973,-25.6593,-2.56194,18.7823,3.69568,-1.69471,-0.0227812,
0.32827,-0.0561627,0.340285,-2.15457,0.819207,-0.383647,-0.0635102,0.302827,-0.0720382,0.314962,-0.181549,0.946427,0.359988,-0.00221767,-0.162973,-1.60748,-0.142158,1.57456,-2.50904,6.38564,0.185565,13.6754,-6.22192,14.6355,-13.593,8.5773,6.61286,-0.00215538,0.319455,-0.0541012,0.331062,-2.14965,0.795467,-0.393074,-0.0634467,0.156149,-0.155258,0.950232,-0.417595,1.25009,0.521591,-1.22401e-05,0,0,0,0,0,0,0,-1.53973,-25.6593,-2.56194,18.7823,3.69568,-1.69471,-0.0227812,
0.330327,-0.0568209,0.342433,-2.15585,0.826404,-0.380139,-0.0635049,0.29369,-0.0740841,0.305677,-0.177154,0.937061,0.375679,-0.00164214,-5.71076,-1.27868,-5.80304,2.7473,-5.85333,9.80685,0.359705,13.3289,-6.16392,14.2752,-13.317,8.5773,6.84525,0.00943366,0.319455,-0.0541012,0.331062,-2.14965,0.795467,-0.393074,-0.0634467,0.156149,-0.155258,0.950232,-0.417595,1.25009,0.521591,-1.22401e-05,0,0,0,0,0,0,0,-1.53973,-25.6593,-2.56194,18.7823,3.69568,-1.69471,-0.0227812,
0.332117,-0.0574708,0.344308,-2.15706,0.833428,-0.376308,-0.0634895,0.279687,-0.0755161,0.291413,-0.172064,0.925248,0.396329,-0.000928688,-8.75128,-0.895024,-8.91495,3.18078,-7.38335,12.9065,0.445908,12.9613,-6.10078,13.8924,-13.0458,8.5773,7.03004,0.0196234,0.319455,-0.0541012,0.331062,-2.14965,0.795467,-0.393074,-0.0634467,0.156149,-0.155258,0.950232,-0.417595,1.25009,0.521591,-1.22401e-05,0,0,0,0,0,0,0,-1.53973,-25.6593,-2.56194,18.7823,3.69568,-1.69471,-0.0227812,
0.325843,-0.0554996,0.337757,-2.15318,0.811756,-0.386694,-0.0634844,0.295905,-0.0769023,0.307998,-0.176129,0.935545,0.395148,-0.00110289,10.1361,-0.866385,10.366,-2.54055,6.43556,-0.738482,-0.108874,13.6754,-6.22192,14.6355,-13.593,8.5773,6.61286,-0.00215538,0.319455,-0.0541012,0.331062,-2.14965,0.795467,-0.393074,-0.0634467,0.156149,-0.155258,0.950232,-0.417595,1.25009,0.521591,-1.22401e-05,0,0,0,0,0,0,0,-1.53973,-25.6593,-2.56194,18.7823,3.69568,-1.69471,-0.0227812,
0.328243,-0.0561547,0.340254,-2.15453,0.819194,-0.383383,-0.0634845,0.296729,-0.0779001,0.308832,-0.174795,0.934384,0.398897,-0.000885391,0.514773,-0.623627,0.520847,0.833884,-0.725801,2.34333,0.135935,13.3289,-6.16392,14.2752,-13.317,8.5773,6.84525,0.00943366,0.319455,-0.0541012,0.331062,-2.14965,0.795467,-0.393074,-0.0634467,0.156149,-0.155258,0.950232,-0.417595,1.25009,0.521591,-1.22401e-05,0,0,0,0,0,0,0,-1.53973,-25.6593,-2.56194,18.7823,3.69568,-1.69471,-0.0227812,
0.330282,-0.0568089,0.342382,-2.15579,0.826386,-0.379778,-0.0634732,0.288352,-0.0786738,0.30026,-0.171295,0.927311,0.409241,-0.000424096,-5.23566,-0.483546,-5.35737,2.18769,-4.42039,6.46506,0.288309,12.9613,-6.10078,13.8924,-13.0458,8.5773,7.03004,0.0196234,0.319455,-0.0541012,0.331062,-2.14965,0.795467,-0.393074,-0.0634467,0.156149,-0.155258,0.950232,-0.417595,1.25009,0.521591,-1.22401e-05,0,0,0,0,0,0,0,-1.53973,-25.6593,-2.56194,18.7823,3.69568,-1.69471,-0.0227812,
0.325828,-0.0554942,0.33774,-2.15316,0.811748,-0.386575,-0.0634673,0.30258,-0.0793493,0.314793,-0.17518,0.93708,0.407242,-0.000495639,8.89268,-0.422213,9.08338,-2.4285,6.10539,-1.24928,-0.0447142,13.3289,-6.16392,14.2752,-13.317,8.5773,6.84525,0.00943366,0.319455,-0.0541012,0.331062,-2.14965,0.795467,-0.393074,-0.0634467,0.156149,-0.155258,0.950232,-0.417595,1.25009,0.521591,-1.22401e-05,0,0,0,0,0,0,0,-1.53973,-25.6593,-2.56194,18.7823,3.69568,-1.69471,-0.0227812,
0.328213,-0.0561456,0.34022,-2.15449,0.819181,-0.383191,-0.0634613,0.301689,-0.0797647,0.313834,-0.173629,0.935496,0.410402,-0.00024691,-0.55693,-0.259596,-0.599582,0.969908,-0.990125,1.97485,0.155456,12.9613,-6.10078,13.8924,-13.0458,8.5773,7.03004,0.0196234,0.319455,-0.0541012,0.331062,-2.14965,0.795467,-0.393074,-0.0634467,0.156149,-0.155258,0.950232,-0.417595,1.25009,0.521591,-1.22401e-05,0,0,0,0,0,0,0,-1.53973,-25.6593,-2.56194,18.7823,3.69568,-1.69471,-0.0227812,
0.330233,-0.0567959,0.342325,-2.15574,0.826369,-0.379514,-0.0634437,0.291844,-0.080069,0.303709,-0.169927,0.928104,0.420239,0.00024232,-6.15329,-0.190165,-6.3279,2.31354,-4.61951,6.1479,0.305769,12.5777,-6.03562,13.4784,-12.783,8.5773,7.15654,0.0273002,0.319455,-0.0541012,0.331062,-2.14965,0.795467,-0.393074,-0.0634467,0.156149,-0.155258,0.950232,-0.417595,1.25009,0.521591,-1.22401e-05,0,0,0,0,0,0,0,-1.53973,-25.6593,-2.56194,18.7823,3.69568,-1.69471,-0.0227812,
0.331977,-0.0574376,0.34415,-2.15691,0.833387,-0.37553,-0.0634167,0.27709,-0.0800973,0.288579,-0.165371,0.91792,0.435795,0.000868989,-9.22131,-0.0177408,-9.45622,2.84758,-6.36505,9.72287,0.391668,12.1962,-5.97063,13.056,-12.5335,8.5773,7.2628,0.0352268,0.319455,-0.0541012,0.331062,-2.14965,0.795467,-0.393074,-0.0634467,0.156149,-0.155258,0.950232,-0.417595,1.25009,0.521591,-1.22401e-05,0,0,0,0,0,0,0,-1.53973,-25.6593,-2.56194,18.7823,3.69568,-1.69471,-0.0227812,
0.325811,-0.0554881,0.337719,-2.15313,0.81174,-0.386493,-0.0634533,0.293286,-0.080401,0.305111,-0.170097,0.929455,0.429666,0.000691769,10.1228,-0.189794,10.332,-2.95384,7.20937,-3.8308,-0.110763,12.9613,-6.10078,13.8924,-13.0458,8.5773,7.03004,0.0196234,0.319455,-0.0541012,0.331062,-2.14965,0.795467,-0.393074,-0.0634467,0.156149,-0.155258,0.950232,-0.417595,1.25009,0.521591,-1.22401e-05,0,0,0,0,0,0,0,-1.53973,-25.6593,-2.56194,18.7823,3.69568,-1.69471,-0.0227812,
0.32818,-0.0561359,0.34018,-2.15446,0.819169,-0.383056,-0.0634411,0.293855,-0.0805145,0.305613,-0.169169,0.929295,0.429661,0.000858859,0.355407,-0.0709208,0.31376,0.57976,-0.0998764,-0.00311569,0.104431,12.5777,-6.03562,13.4784,-12.783,8.5773,7.15654,0.0273002,0.319455,-0.0541012,0.331062,-2.14965,0.795467,-0.393074,-0.0634467,0.156149,-0.155258,0.950232,-0.417595,1.25009,0.521591,-1.22401e-05,0,0,0,0,0,0,0,-1.53973,-25.6593,-2.56194,18.7823,3.69568,-1.69471,-0.0227812,
0.330179,-0.0567823,0.342263,-2.15568,0.826354,-0.37933,-0.0634181,0.285058,-0.0805711,0.296552,-0.165945,0.923065,0.436888,0.00126172,-5.49804,-0.0354092,-5.66307,2.0149,-3.89395,4.51717,0.251789,12.1962,-5.97063,13.056,-12.5335,8.5773,7.2628,0.0352268,0.319455,-0.0541012,0.331062,-2.14965,0.795467,-0.393074,-0.0634467,0.156149,-0.155258,0.950232,-0.417595,1.25009,0.521591,-1.22401e-05,0,0,0,0,0,0,0,-1.53973,-25.6593,-2.56194,18.7823,3.69568,-1.69471,-0.0227812,
0.331897,-0.0574189,0.344062,-2.15684,0.833369,-0.375303,-0.0633887,0.271004,-0.0803735,0.282214,-0.161748,0.913828,0.45017,0.00174518,-8.78362,0.123499,-8.96091,2.6236,-5.77313,8.30114,0.302162,11.7907,-5.89967,12.6168,-12.3004,8.5773,7.33703,0.042083,0.319455,-0.0541012,0.331062,-2.14965,0.795467,-0.393074,-0.0634467,0.156149,-0.155258,0.950232,-0.417595,1.25009,0.521591,-1.22401e-05,0,0,0,0,0,0,0,-1.53973,-25.6593,-2.56194,18.7823,3.69568,-1.69471,-0.0227812,
0.325793,-0.0554819,0.337696,-2.15311,0.811732,-0.386441,-0.0634412,0.288121,-0.0805362,0.299647,-0.166865,0.926081,0.441972,0.00154849,10.6981,-0.101657,10.8952,-3.19822,7.65803,-5.12374,-0.122929,12.5777,-6.03562,13.4784,-12.783,8.5773,7.15654,0.0273002,0.319455,-0.0541012,0.331062,-2.14965,0.795467,-0.393074,-0.0634467,0.156149,-0.155258,0.950232,-0.417595,1.25009,0.521591,-1.22401e-05,0,0,0,0,0,0,0,-1.53973,-25.6593,-2.56194,18.7823,3.69568,-1.69471,-0.0227812,
