{
    "scaled_effort": 88.1352587033324,
    "scaled_dtau": 127.08209404668827,
    "nSaturations": 0,
    "avg_q_RMSE": 95.44083183883303,
    "avg_v_RMSE": 364.7240364888562,
    "ds_sol": 0.4002410478570591,
    "ds_d": 0.4,
    "dtheta_sol": -0.00012169050421726925,
    "dtheta": 0.0,
    "obj_xytheta_init": [
        0.1,
        -0.75,
        0.0
    ],
    "target_xyz": [
        0.5,
        -0.75,
        0.05
    ],
    "obj_xytheta_final": [
        0.42730346905739325,
        -0.7539797867016041,
        -0.12399923166137947
    ],
    "solve_time": 41.97525978088379,
    "horizon": 4.289565413089435,
    "is_success": false,
    "lag": -0.00643955272008867,
    "m_eff": 2.9852923655782484,
    "v_ee_impact": 1.3635154775478495
}