{
    "scaled_effort": 76.49342521586524,
    "scaled_dtau": 93.04967207522255,
    "nSaturations": 0,
    "avg_q_RMSE": 98.58336331876062,
    "avg_v_RMSE": 285.5812536325713,
    "ds_sol": 0.2522488053863493,
    "ds_d": 0.25,
    "dtheta_sol": -0.9972998828093064,
    "dtheta": -1.0,
    "obj_xytheta_init": [
        0.0,
        -0.75,
        0.0
    ],
    "target_xyz": [
        0.2,
        -0.6,
        0.05
    ],
    "obj_xytheta_final": [
        0.023726048780091623,
        -0.6586296249586635,
        -0.1026081429440894
    ],
    "solve_time": 14.637250900268555,
    "horizon": 3.408963506295006,
    "is_success": false,
    "lag": 0.01803298325674696,
    "m_eff_n": 1.9878453147598634,
    "m_eff_ang": 2.0267170366704157,
    "v_ee_impact": 0.5701155450841375
}