{
    "scaled_effort": 94.77361559379402,
    "scaled_dtau": 96.74031739507218,
    "nSaturations": 109,
    "avg_q_RMSE": 97.47115208472282,
    "avg_v_RMSE": 612.1064931170475,
    "ds_sol": 0.250000063158296,
    "ds_d": 0.25,
    "dtheta_sol": -0.9978335211247914,
    "dtheta": -1.0,
    "obj_xytheta_init": [
        0.0,
        -0.75,
        0.0
    ],
    "target_xyz": [
        -0.2,
        -0.9,
        0.05
    ],
    "obj_xytheta_final": [
        -0.14279262373234483,
        -0.8504430316476419,
        -0.7391832479941645
    ],
    "solve_time": 11.360070943832397,
    "horizon": 3.443970276089265,
    "is_success": false,
    "lag": "premature",
    "m_eff_n": 2.1866667390260197,
    "m_eff_ang": 1.7938710150305632,
    "v_ee_impact": 0.5476414585857263
}