{
    "scaled_effort": 34.61903038168275,
    "scaled_dtau": 3.502504460044517,
    "nSaturations": 0,
    "avg_q_RMSE": 95.39756765463295,
    "avg_v_RMSE": 276.6322734575852,
    "ds_sol": 0.400001062032125,
    "ds_d": 0.4,
    "dtheta_sol": 8.54388445638829e-08,
    "dtheta": 0.0,
    "obj_xytheta_init": [
        0.1,
        -0.75,
        0.0
    ],
    "target_xyz": [
        0.5,
        -0.75,
        0.05
    ],
    "obj_xytheta_final": [
        0.35153999447837353,
        -0.6617577561483455,
        1.3037359443747156
    ],
    "solve_time": 10.582870960235596,
    "horizon": 2.949238386551046,
    "is_success": true,
    "lag": -0.0030162387904597576,
    "m_eff_n": 2.047324278841202,
    "m_eff_ang": 1.9063842969886087,
    "v_ee_impact": 1.4619407768707975
}